{"stats":{"minecraft:picked_up":{"minecraft:dirt":1},"minecraft:custom":{"minecraft:jump":9,"minecraft:time_since_rest":1503,"minecraft:leave_game":1,"minecraft:damage_dealt":111,"minecraft:crouch_one_cm":20,"minecraft:sprint_one_cm":2663,"minecraft:play_time":1503,"minecraft:damage_taken":40,"minecraft:time_since_death":1503,"minecraft:walk_one_cm":3020,"minecraft:sneak_time":10,"minecraft:total_world_time":1503,"minecraft:fall_one_cm":865,"minecraft:fly_one_cm":1112},"minecraft:used":{"minecraft:dirt":1},"minecraft:mined":{"minecraft:grass_block":1}},"DataVersion":3465}