{"stats":{"minecraft:picked_up":{"minecraft:dirt":1},"minecraft:used":{"minecraft:dirt":1},"minecraft:custom":{"minecraft:jump":13,"minecraft:time_since_rest":8114,"minecraft:damage_dealt":111,"minecraft:leave_game":2,"minecraft:crouch_one_cm":20,"minecraft:play_time":8114,"minecraft:sprint_one_cm":2769,"minecraft:damage_taken":40,"minecraft:time_since_death":8114,"minecraft:walk_one_cm":3553,"minecraft:sneak_time":19,"minecraft:total_world_time":8114,"minecraft:fall_one_cm":865,"minecraft:fly_one_cm":6481},"minecraft:mined":{"minecraft:grass_block":1}},"DataVersion":3465}